http://www.chicagotribune.com/,345.0,197,text/html;charset=UTF-8
http://www.chicagotribune.com/lifestyles/askamy/ct-ask-amy-ae-0709-story.html,177.0,63,text/html;charset=UTF-8
http://www.chicagotribune.com/lifestyles/health/ct-most-important-health-numbers-20180709-story.html,187.0,67,text/html;charset=UTF-8
http://www.chicagotribune.com/lifestyles/stevens/ct-life-stevens-sunday-parenting-teen-whos-over-it-0708-story.html,191.0,68,text/html;charset=UTF-8
http://www.chicagotribune.com/news/local/breaking/ct-met-judge-misdemeanor-gun-charge-20180710-story,amp.html,42.0,33,text/html;charset=UTF-8
http://www.chicagotribune.com/news/local/breaking/ct-met-judge-guilty-mortgage-fraud-20180215-story.html,149.0,60,text/html;charset=UTF-8
http://www.chicagotribune.com/suburbs/lake-forest/news/ct-lfr-lake-bluff-police-contract-tl-0712-story.html,144.0,61,text/html;charset=UTF-8
http://www.chicagotribune.com/suburbs/elgin-courier-news/,282.0,156,text/html;charset=UTF-8
http://www.chicagotribune.com/news/local/politics/ct-met-frank-mautino-elections-board-20180710-story.html,146.0,63,text/html;charset=UTF-8
http://www.chicagotribune.com/news/nationworld/midwest/,157.0,76,text/html;charset=UTF-8
http://www.chicagotribune.com/news/local/breaking/ct-met-chicago-shootings-violence-20180710-story.html,143.0,63,text/html;charset=UTF-8
http://www.chicagotribune.com/news/local/breaking/ct-met-laquan-mcdonald-jason-van-dyke-community-20180702-story.html,190.0,74,text/html;charset=UTF-8
http://www.chicagotribune.com/news/local/breaking/ct-met-maqkwone-jones-fire-death20180709-story.html,170.0,64,text/html;charset=UTF-8
http://www.chicagotribune.com/news/local/breaking/ct-met-police-deaths-roseland-20180710-story,amp.html,55.0,34,text/html;charset=UTF-8
http://www.chicagotribune.com/news/data/ct-shooting-victims-map-charts-htmlstory.html,148.0,59,text/html;charset=UTF-8
http://www.chicagotribune.com/news/local/breaking/ct-chicago-homicides-data-tracker-htmlstory.html,213.0,222,text/html;charset=UTF-8
http://www.chicagotribune.com/suburbs/elgin-courier-news/news/ct-ecn-south-elgin-standoff-st-20180709-story,amp.html,47.0,28,text/html;charset=UTF-8
http://www.chicagotribune.com/suburbs/elgin-courier-news/sports/ct-ecn-spt-baseball-huntley-kyle-morgan-st-0624-story.html,155.0,65,text/html;charset=UTF-8
http://www.chicagotribune.com/sports/baseball/cubs/99730877-132.html,127.0,49,text/html;charset=UTF-8
http://www.chicagotribune.com/entertainment/theater/ct-ent-angel-ysaguirre-court-theatre-0710-story.html,148.0,65,text/html;charset=UTF-8
http://www.chicagotribune.com/entertainment/theater/ct-ent-chicago-shakespeare-nell-gwynn-casting-20180710-story.html,151.0,65,text/html;charset=UTF-8
http://www.chicagotribune.com/entertainment/theater/ct-ent-cats-chicago-0710-story.html,145.0,57,text/html;charset=UTF-8
http://www.chicagotribune.com/classified/automotive/new/ct-top-10-most-american-made-cars-20170628-photogallery.html,137.0,47,text/html;charset=UTF-8
http://www.chicagotribune.com/suburbs/post-tribune/news/ct-ptb-highland-council-apology-st-0711-story.html,146.0,63,text/html;charset=UTF-8
http://www.chicagotribune.com/suburbs/post-tribune/news/ct-ptb-lake-council-hiring-hold-st-0711-story.html,143.0,62,text/html;charset=UTF-8
http://www.chicagotribune.com/suburbs/post-tribune/news/ct-ptb-hammond-machete-attack-st-0711-story.html,145.0,64,text/html;charset=UTF-8
http://www.chicagotribune.com/suburbs/post-tribune/news/ct-ptb-crown-point-pastor-obituary-st-0710-story.html,145.0,63,text/html;charset=UTF-8
http://www.chicagotribune.com/suburbs/post-tribune/news/ct-ptb-house-fire-st-0627-story.html,133.0,62,text/html;charset=UTF-8
http://www.chicagotribune.com/suburbs/post-tribune/news/ct-ptb-crown-facade-grant-st-0711-story.html,144.0,63,text/html;charset=UTF-8
http://www.chicagotribune.com/suburbs/hinsdale/,209.0,109,text/html;charset=UTF-8
http://www.chicagotribune.com/suburbs/hinsdale/news/ct-dhd-d86-attendance-boundaries-tl-0712-story,amp.html,46.0,31,text/html;charset=UTF-8
http://www.chicagotribune.com/suburbs/aurora-beacon-news/news/ct-abn-aurora-police-charge-south-holland-man-stealing-fire-items-st-0710-story.html,146.0,65,text/html;charset=UTF-8
http://www.chicagotribune.com/suburbs/aurora-beacon-news/news/ct-abn-west-aurora-lunch-st-0711-story.html,147.0,63,text/html;charset=UTF-8
http://www.chicagotribune.com/sports/breaking/ct-spt-wscr-score-brian-hanley-move-20180705-story.html,157.0,70,text/html;charset=UTF-8
http://www.chicagotribune.com/sports/football/bears/ct-spt-bears-mailbag-tarik-cohen-kevin-white-20180529-story.html,181.0,71,text/html;charset=UTF-8
http://www.chicagotribune.com/paid-posts/?prx_t=2LIDAAAAAAtCAPA&prx_ro=s,2.0,17,text/html;charset=UTF-8
http://www.chicagotribune.com/paid-posts/?prx_t=3dUDAAAAAAtCAPA&prx_ro=s,2.0,17,text/html;charset=UTF-8
http://www.chicagotribune.com/paid-posts/?prx_t=CdMDAAAAAAtCAPA&prx_ro=s,2.0,17,text/html;charset=UTF-8
http://www.chicagotribune.com/paid-posts/?prx_t=BtUDAAAAAAtCAPA&prx_ro=s,2.0,17,text/html;charset=UTF-8
http://www.chicagotribune.com/paid-posts/?prx_t=Mb8DAAAAAAJV8QA,2.0,17,text/html;charset=UTF-8
http://www.chicagotribune.com/suburbs/naperville-sun/news/ct-nvs-grace-swimmer-st-0711-story,amp.html,47.0,32,text/html;charset=UTF-8
http://www.chicagotribune.com/suburbs/naperville-sun/news/ct-nvs-overnight-parking-ban-naperville-st-0711-story.html,148.0,63,text/html;charset=UTF-8
http://www.chicagotribune.com/news/nationworld/politics/ct-trump-obamacare-grants-20180710-story.html,150.0,66,text/html;charset=UTF-8
http://www.chicagotribune.com/topic/sports/baseball/anthony-rizzo-PESPT0015507-topic.html,199.0,110,text/html;charset=UTF-8
http://www.chicagotribune.com/topic/education/back-to-school-EVHST000011-topic.html,196.0,129,text/html;charset=UTF-8
http://www.chicagotribune.com/hoy/chicago/ct-hoy-video-de-un-oficial-que-al-parecer-no-auxilio-a-una-mujer-acosada-en-relacion-a-una-bandera-puertorr-20180710-story.html,158.0,66,text/html;charset=UTF-8
http://www.chicagotribune.com/hoy/entretenimiento/ct-hoy-quien-es-quien-en-la-serie-jose-jose-el-principe-de-la-cancion-20180116-photogallery.html,140.0,47,text/html;charset=UTF-8
http://www.chicagotribune.com/suburbs/aurora-beacon-news/opinion/ct-abn-crosby-costly-trip-st-1016-20171013-column.html,160.0,65,text/html;charset=UTF-8
http://www.chicagotribune.com/business/ct-biz-ihop-ihob-fake-name-20180710-story.html,139.0,59,text/html;charset=UTF-8
http://www.chicagotribune.com/suburbs/downers-grove/news/ct-met-downers-grove-hatchet-attack-guilty-plea-20180710-story,amp.html,40.0,28,text/html;charset=UTF-8
http://www.chicagotribune.com/news/media/99739043-132.html,128.0,49,text/html;charset=UTF-8
http://www.chicagotribune.com/news/opinion/commentary/ct-perspec-mcqueary-rahm-dan-ryan-protesters-rauner-crime-twitter20180709-story,amp.html,51.0,38,text/html;charset=UTF-8
http://www.chicagotribune.com/suburbs/elgin-courier-news/crime/,352.0,205,text/html;charset=UTF-8
http://www.chicagotribune.com/suburbs/ct-roskam-election-gallery-20180319-storygallery.html,139.0,52,text/html;charset=UTF-8
http://www.chicagotribune.com/topic/sports/baseball/san-francisco-giants-ORSPT000025-topic.html,212.0,129,text/html;charset=UTF-8
http://www.chicagotribune.com/business/ct-biz-smucker-brands-company-20180709-story,amp.html,40.0,27,text/html;charset=UTF-8
http://www.chicagotribune.com/business/ct-biz-fresh-market-closings-20180709-story,amp.html,41.0,29,text/html;charset=UTF-8
http://www.chicagotribune.com/news/obituaries/,254.0,128,text/html;charset=UTF-8
http://www.chicagotribune.com/news/local/breaking/ct-met-weekend-shooting-violence-20180709-story.html,182.0,70,text/html;charset=UTF-8
http://www.chicagotribune.com/news/local/breaking/ct-met-fireworks-illinois-law-proposed-change-20180709-story.html,145.0,60,text/html;charset=UTF-8
http://www.chicagotribune.com/news/local/breaking/ct-met-girl-drowning-vigil-loyola-park-20180709-story.html,151.0,62,text/html;charset=UTF-8
http://www.chicagotribune.com/news/local/breaking/ct-met-robberies-20180709-story.html,143.0,62,text/html;charset=UTF-8
http://www.chicagotribune.com/suburbs/lake-county-news-sun/news/ct-lns-terror-threat-sentence-st-0710-story.html,149.0,69,text/html;charset=UTF-8
http://www.chicagotribune.com/news/local/politics/ct-met-michael-madigan-democratic-party-director-20180710-story.html,148.0,69,text/html;charset=UTF-8
http://www.chicagotribune.com/news/local/breaking/99736556-132.html,129.0,51,text/html;charset=UTF-8
http://www.chicagotribune.com/entertainment/games/,133.0,64,text/html;charset=UTF-8
http://www.chicagotribune.com/classified/automotive/new/ct-2019-chevrolet-blazer-at-a-glance-20180622-photogallery.html,138.0,46,text/html;charset=UTF-8
http://www.chicagotribune.com/suburbs/mundelein/news/ct-mun-gem-spa-prostitution-hearing-tl-0713-story.html,154.0,65,text/html;charset=UTF-8
http://www.chicagotribune.com/sports/hockey/blackhawks/ct-spt-blackhawks-trade-erik-karlsson-rosenbloom-20180705-story.html,154.0,76,text/html;charset=UTF-8
http://www.chicagotribune.com/suburbs/elgin-courier-news/news/ct-ecn-elgin-arrest-man-in-sewer-escape-st-0502-story.html,145.0,63,text/html;charset=UTF-8
http://www.chicagotribune.com/paid-posts/?prx_adpz=2852,2.0,17,text/html;charset=UTF-8
http://www.chicagotribune.com/paid-posts/?prx_t=NL8DAAAAAAJV8QA,2.0,17,text/html;charset=UTF-8
http://www.chicagotribune.com/paid-posts/?prx_t=D9MDAAAAAAtCAPA&prx_ro=s,2.0,17,text/html;charset=UTF-8
http://www.chicagotribune.com/paid-posts/?prx_t=2bIDAAAAAAtCAPA&prx_ro=s,2.0,17,text/html;charset=UTF-8
http://www.chicagotribune.com/news/nationworld/politics/ct-trump-obamacare-grants-20180710-story,amp.html,51.0,34,text/html;charset=UTF-8
http://www.chicagotribune.com/news/local/breaking/ct-met-brazilian-boys-ordered-released-20180710-story.html,148.0,68,text/html;charset=UTF-8
http://www.chicagotribune.com/lifestyles/,414.0,196,text/html;charset=UTF-8
http://www.chicagotribune.com/news/local/breaking/ct-met-judge-misdemeanor-gun-charge-20180710-story.html,146.0,68,text/html;charset=UTF-8
http://www.chicagotribune.com/news/opinion/commentary/ct-perspec-mcqueary-rahm-dan-ryan-protesters-rauner-crime-twitter20180709-story.html,178.0,68,text/html;charset=UTF-8
http://www.chicagotribune.com/news/local/breaking/ct-met-chicago-police-suicide-20180709-story.html,129.0,60,text/html;charset=UTF-8
http://www.chicagotribune.com/news/local/breaking/ct-met-sex-offender-hancock-observatory-20180705-story.html,155.0,65,text/html;charset=UTF-8
http://www.chicagotribune.com/redeye/,362.0,210,text/html;charset=UTF-8
http://www.chicagotribune.com/business/columnists/ct-biz-harold-ickes-redevelopment-ryan-ori-20180710-story.html,145.0,63,text/html;charset=UTF-8
http://www.chicagotribune.com/suburbs/highland-park/news/ct-hpn-suit-seeks-to-halt-short-term-mansion-stays-tl-0712-story.html,148.0,62,text/html;charset=UTF-8
http://www.chicagotribune.com/sports/baseball/cubs/ct-spt-cubs-kris-bryant-20180710-story.html,149.0,72,text/html;charset=UTF-8
http://www.chicagotribune.com/suburbs/elgin-courier-news/news/ct-ecn-south-elgin-standoff-st-20180709-story.html,157.0,63,text/html;charset=UTF-8
http://www.chicagotribune.com/suburbs/daily-southtown/news/ct-sta-palos-protest-st-0711-story.html,173.0,66,text/html;charset=UTF-8
http://www.chicagotribune.com/news/opinion/commentary/ct-perspec-harley-davidson-trump-tariffs-trade-war-0711-20180709-story.html,152.0,67,text/html;charset=UTF-8
http://www.chicagotribune.com/classified/automotive/new/sc-auto-review-jaguar-xf-sportbrake-20180706-story.html,163.0,57,text/html;charset=UTF-8
http://www.chicagotribune.com/dining/foodfocus/ct-food-craving-best-ice-cream-chicago-photogallery-photogallery.html,139.0,47,text/html;charset=UTF-8
http://www.chicagotribune.com/entertainment/,410.0,239,text/html;charset=UTF-8
http://www.chicagotribune.com/sports/baseball/cubs/ct-spt-dexter-fowler-cardinals-struggles-20180710-story.html,151.0,74,text/html;charset=UTF-8
http://www.chicagotribune.com/classified/realestate/dreamhomes/ct-duplex-in-mies-van-der-rohe-building-17m-20180705-photogallery.html,137.0,46,text/html;charset=UTF-8
http://www.chicagotribune.com/redeye/culture/ct-redeye-jj-bittenbinder-street-smarts-screening-robert-mays-20180703-story.html,145.0,55,text/html;charset=UTF-8
http://www.chicagotribune.com/sports/basketball/ct-spt-bulls-summer-league-trae-young-20180710-story.html,149.0,73,text/html;charset=UTF-8
http://www.chicagotribune.com/suburbs/daily-southtown/sports/ct-sta-spt-pat-disabato-column-st-0711-story.html,157.0,69,text/html;charset=UTF-8
http://www.chicagotribune.com/suburbs/daily-southtown/opinion/ct-sta-slowik-judiciary-committee-policing-strategies-st-0711-story.html,159.0,70,text/html;charset=UTF-8
http://www.chicagotribune.com/suburbs/oak-brook/news/ct-dob-park-district-referendum-tl-0712-story.html,143.0,63,text/html;charset=UTF-8
http://www.chicagotribune.com/suburbs/elgin-courier-news/sports/,377.0,223,text/html;charset=UTF-8
http://www.chicagotribune.com/suburbs/aurora-beacon-news/news/,347.0,194,text/html;charset=UTF-8
http://www.chicagotribune.com/suburbs/daily-southtown/sports/,369.0,208,text/html;charset=UTF-8
http://www.chicagotribune.com/suburbs/daily-southtown/news/,330.0,191,text/html;charset=UTF-8
http://www.chicagotribune.com/sports/football/bears/ct-spt-bears-jay-cutler-very-cavallari-haugh-20180709-story.html,181.0,76,text/html;charset=UTF-8
http://www.chicagotribune.com/sports/hockey/blackhawks/,313.0,155,text/html;charset=UTF-8
http://www.chicagotribune.com/sports/football/ct-spt-bills-lesean-mccoy-20180710-story.html,150.0,65,text/html;charset=UTF-8
http://www.chicagotribune.com/sports/baseball/cubs/ct-spt-cubs-mike-montgomery-20180710-story.html,146.0,71,text/html;charset=UTF-8
http://www.chicagotribune.com/redeye/culture/ct-redeye-ask-anna-scared-to-fall-in-love-20180705-story.html,142.0,54,text/html;charset=UTF-8
http://www.chicagotribune.com/redeye/culture/ct-redeye-the-bachelor-casting-20180709-story.html,169.0,54,text/html;charset=UTF-8
http://www.chicagotribune.com/entertainment/tv/ct-ent-kristin-cavallari-jay-cutler-very-cavallari-20180708-story.html,147.0,68,text/html;charset=UTF-8
http://www.chicagotribune.com/entertainment/tv/listings/,91.0,38,text/html;charset=UTF-8
http://www.chicagotribune.com/topic/crime-law-justice/crime/homicide/02001001-topic.html,215.0,136,text/html;charset=UTF-8
http://www.chicagotribune.com/suburbs/daily-southtown/,326.0,172,text/html;charset=UTF-8
http://www.chicagotribune.com/sports/baseball/cubs/ct-spt-dexter-fowler-cardinals-struggles-20180710-story,amp.html,45.0,41,text/html;charset=UTF-8
http://www.chicagotribune.com/sports/hockey/ct-spt-kendall-coyne-chicago-pro-hockey-league-20180710-story.html,147.0,70,text/html;charset=UTF-8
http://www.chicagotribune.com/sports/baseball/whitesox/ct-spt-white-sox-sam-esposito-obit-20180710-story.html,164.0,63,text/html;charset=UTF-8
http://www.chicagotribune.com/sports/hockey/blackhawks/ct-spt-blackhawks-development-camp-roster-20180709-story.html,169.0,67,text/html;charset=UTF-8
http://www.chicagotribune.com/news/nationworld/ct-perspec-gender-transgender-they-personhood-parenting-0711-story.html,148.0,64,text/html;charset=UTF-8
http://www.chicagotribune.com/about/chi-newspaperemail-htmlstory.html,116.0,97,text/html;charset=UTF-8
http://www.chicagotribune.com/news/nationworld/ct-5-things-brett-kavanaugh-20180709-story.html,152.0,65,text/html;charset=UTF-8
http://www.chicagotribune.com/suburbs/lake-county-news-sun/news/ct-lns-county-approves-assessor-resolution-veto-st-0711-story.html,151.0,65,text/html;charset=UTF-8
http://www.chicagotribune.com/suburbs/lake-county-news-sun/sports/ct-lns-spt-baseball-libertyville-warren-st-0711-story.html,155.0,62,text/html;charset=UTF-8
http://www.chicagotribune.com/suburbs/oak-brook/,211.0,108,text/html;charset=UTF-8
http://www.chicagotribune.com/suburbs/daily-southtown/lifestyles/ct-sta-pets-of-week-st-0712-story.html,171.0,61,text/html;charset=UTF-8
http://www.chicagotribune.com/suburbs/daily-southtown/news/ct-sta-comings-goings-st-0712-story.html,147.0,61,text/html;charset=UTF-8
http://www.chicagotribune.com/suburbs/daily-southtown/news/ct-sta-advocate-award-scholarship-st-0703-story.html,165.0,67,text/html;charset=UTF-8
http://www.chicagotribune.com/suburbs/daily-southtown/news/ct-sta-frankfort-bluegrass-st-0708-story.html,157.0,63,text/html;charset=UTF-8
http://www.chicagotribune.com/paid-posts/?prx_adpz=2866,2.0,17,text/html;charset=UTF-8
http://www.chicagotribune.com/paid-posts/?prx_adpz=2867,2.0,17,text/html;charset=UTF-8
http://www.chicagotribune.com/suburbs/aurora-beacon-news/sports/ct-abn-spt-baseball-waubonsie-valley-oswego-st-0710-story.html,156.0,63,text/html;charset=UTF-8
http://www.chicagotribune.com/suburbs/aurora-beacon-news/news/ct-abn-aurora-versace-smash-and-grab-st-0626-story.html,154.0,64,text/html;charset=UTF-8
http://www.chicagotribune.com/news/nationworld/politics/ct-giuliani-foreign-clients-20180710-story.html,163.0,74,text/html;charset=UTF-8
http://www.chicagotribune.com/suburbs/downers-grove/news/ct-met-downers-grove-hatchet-attack-guilty-plea-20180710-story.html,141.0,60,text/html;charset=UTF-8
http://www.chicagotribune.com/news/opinion/zorn/ct-perspec-zorn-abortion-roe-wade-supreme-court-kavanaugh-0711-20180710-story.html,155.0,72,text/html;charset=UTF-8
http://www.chicagotribune.com/news/media/,375.0,187,text/html;charset=UTF-8
http://www.chicagotribune.com/news/ct-taste-of-chicago-guide-2018-htmlstory.html,255.0,56,text/html;charset=UTF-8
http://www.chicagotribune.com/business/,438.0,234,text/html;charset=UTF-8
http://www.chicagotribune.com/suburbs/naperville-sun/news/ct-nvs-mollys-cupcakes-downtown-naperville-st-0711-story.html,149.0,64,text/html;charset=UTF-8
http://www.chicagotribune.com/news/nationworld/ct-thailand-cave-rescue-20180709-story.html,176.0,62,text/html;charset=UTF-8
http://www.chicagotribune.com/lifestyles/askamy/ct-ask-amy-ae-0710-story.html,176.0,63,text/html;charset=UTF-8
http://www.chicagotribune.com/suburbs/elgin-courier-news/news/,343.0,199,text/html;charset=UTF-8
http://www.chicagotribune.com/classified/realestate/dreamhomes/ct-chicago-home-with-deck-paver-patio-15m-20180705-photogallery.html,140.0,46,text/html;charset=UTF-8
http://www.chicagotribune.com/business/ct-biz-fresh-market-closings-20180709-story.html,142.0,60,text/html;charset=UTF-8
http://www.chicagotribune.com/news/local/breaking/,335.0,188,text/html;charset=UTF-8
http://www.chicagotribune.com/news/local/breaking/ct-met-police-deaths-roseland-20180710-story.html,156.0,66,text/html;charset=UTF-8
http://www.chicagotribune.com/news/local/breaking/ct-met-robert-rialmo-bar-fight-verdict-20180709-story.html,149.0,68,text/html;charset=UTF-8
http://www.chicagotribune.com/news/opinion/chapman/ct-perspec-chapman-donald-trump-dumb-20171103-story.html,152.0,68,text/html;charset=UTF-8
http://www.chicagotribune.com/news/nationworld/ct-california-brick-attack-20180710-story.html,141.0,63,text/html;charset=UTF-8
http://www.chicagotribune.com/news/opinion/commentary/ct-perspec-wilhelm-millennials-support-socialism-bernie-sanders-0709-story.html,149.0,66,text/html;charset=UTF-8
http://www.chicagotribune.com/news/opinion/editorials/ct-edit-cecils-revenge-lions-feast-20180706-story.html,145.0,65,text/html;charset=UTF-8
http://www.chicagotribune.com/lifestyles/stevens/ct-life-stevens-tuesday-kike-hernandez-bucket-masulinity-0710-story.html,190.0,79,text/html;charset=UTF-8
http://www.chicagotribune.com/suburbs/post-tribune/news/ct-ptb-girl-pond-drowning-st-0711-story.html,132.0,63,text/html;charset=UTF-8
http://www.chicagotribune.com/sports/baseball/cubs/ct-spt-cubs-abc-facebook-livestream-20180709-story.html,144.0,73,text/html;charset=UTF-8
http://www.chicagotribune.com/news/local/politics/ct-met-puerto-rican-flag-apology-preckwinkle-20180710-story.html,151.0,73,text/html;charset=UTF-8
http://www.chicagotribune.com/classified/automotive/,376.0,174,text/html;charset=UTF-8
http://www.chicagotribune.com/business/ct-biz-south-shore-hospital-funding-shutdown-20180710-story.html,144.0,60,text/html;charset=UTF-8
http://www.chicagotribune.com/entertainment/movies/ct-most-filmed-locations-in-illinois-20180627-photogallery.html,138.0,43,text/html;charset=UTF-8
http://www.chicagotribune.com/lifestyles/ct-life-bachelorette-virgin-dating-colton-becca-20180710-story.html,181.0,65,text/html;charset=UTF-8
http://www.chicagotribune.com/photos/ct-weekend-violence-photos-20180708-photogallery.html,137.0,45,text/html;charset=UTF-8
http://www.chicagotribune.com/sports/basketball/bulls/ct-spt-bulls-summer-league-wendell-carter-robin-lopez-20180710-story.html,153.0,73,text/html;charset=UTF-8
http://www.chicagotribune.com/sports/football/bears/ct-spt-bears-offensive-line-camp-preview-20180709-story.html,150.0,76,text/html;charset=UTF-8
http://www.chicagotribune.com/sports/football/bears/ct-spt-bears-defensive-line-camp-preview-20180709-story.html,146.0,70,text/html;charset=UTF-8
http://www.chicagotribune.com/suburbs/daily-southtown/sports/ct-sta-spt-baseball-richards-st-0711-story.html,156.0,64,text/html;charset=UTF-8
http://www.chicagotribune.com/news/local/breaking/ct-met-sex-offender-hancock-observatory-20180705-story,amp.html,51.0,33,text/html;charset=UTF-8
http://www.chicagotribune.com/redeye/restaurants/ct-redeye-taste-of-chicago-2018-classic-chicago-food-20180629-story.html,154.0,73,text/html;charset=UTF-8
http://www.chicagotribune.com/suburbs/highland-park/,213.0,111,text/html;charset=UTF-8
http://www.chicagotribune.com/suburbs/highland-park/news/ct-hpn-suit-seeks-to-halt-short-term-mansion-stays-tl-0712-story,amp.html,47.0,30,text/html;charset=UTF-8
http://www.chicagotribune.com/topic/international/puerto-rico-PLGEO100104100000000-topic.html,194.0,115,text/html;charset=UTF-8
http://www.chicagotribune.com/news/nationworld/ct-california-brick-attack-20180710-story,amp.html,43.0,31,text/html;charset=UTF-8
http://www.chicagotribune.com/news/opinion/huppke/ct-met-trump-family-separation-children-huppke-20180710-story.html,167.0,71,text/html;charset=UTF-8
http://www.chicagotribune.com/news/columnists/schmich/ct-met-schmich-vacation-etiquette-20180710-story.html,145.0,65,text/html;charset=UTF-8
http://www.chicagotribune.com/news/local/politics/ct-met-puerto-rican-flag-apology-preckwinkle-20180710-story,amp.html,45.0,35,text/html;charset=UTF-8
http://www.chicagotribune.com/suburbs/lake-county-news-sun/news/ct-lns-zion-girl-shot-paralyzed-st-0623-story.html,150.0,64,text/html;charset=UTF-8
http://www.chicagotribune.com/suburbs/lake-county-news-sun/news/ct-lns-zion-health-center-st-0710-story.html,159.0,64,text/html;charset=UTF-8
http://www.chicagotribune.com/suburbs/daily-southtown/news/ct-sta-beach-pawty-st-0710-story.html,156.0,62,text/html;charset=UTF-8
http://www.chicagotribune.com/suburbs/daily-southtown/news/ct-sta-interstate-57-body-st-0704-story.html,145.0,64,text/html;charset=UTF-8
http://www.chicagotribune.com/suburbs/daily-southtown/news/ct-dining-south-public-0708-story.html,157.0,63,text/html;charset=UTF-8
http://www.chicagotribune.com/news/nationworld/midwest/ct-illinois-prison-inmate-death-20180709-story.html,123.0,53,text/html;charset=UTF-8
http://www.chicagotribune.com/news/local/breaking/ct-met-chicago-shootings-violence-20180710-story,amp.html,45.0,31,text/html;charset=UTF-8
http://www.chicagotribune.com/suburbs/daily-southtown/community/,381.0,180,text/html;charset=UTF-8
http://www.chicagotribune.com/paid-posts/?prx_adpz=2821,2.0,17,text/html;charset=UTF-8
http://www.chicagotribune.com/paid-posts/?prx_adpz=2824,2.0,17,text/html;charset=UTF-8
http://www.chicagotribune.com/lifestyles/health/sc-hlth-sitting-raises-risk-of-death-0711-story.html,183.0,68,text/html;charset=UTF-8
http://www.chicagotribune.com/paid-posts/?prx_adpz=2800,2.0,17,text/html;charset=UTF-8
http://www.chicagotribune.com/suburbs/elgin-courier-news/news/ct-ecn-east-dundee-apartment-buildings-st-0711-story.html,146.0,61,text/html;charset=UTF-8
http://www.chicagotribune.com/suburbs/elgin-courier-news/news/ct-ecn-d300-west-dundee-police-officer-st-0711-story.html,146.0,64,text/html;charset=UTF-8
http://www.chicagotribune.com/news/nationworld/ct-trump-europe-nato-20180710-story,amp.html,54.0,37,text/html;charset=UTF-8
http://www.chicagotribune.com/suburbs/post-tribune/,345.0,176,text/html;charset=UTF-8
http://www.chicagotribune.com/suburbs/lake-county-news-sun/news/ct-lns-zion-weekend-shooting-st-0627-story.html,133.0,64,text/html;charset=UTF-8
http://www.chicagotribune.com/suburbs/deerfield/news/ct-dfr-district-109-summer-projects-tl-0712-story.html,153.0,61,text/html;charset=UTF-8
http://www.chicagotribune.com/suburbs/lake-county-news-sun/news/ct-lns-libertyville-dog-days-st-0709-story.html,156.0,61,text/html;charset=UTF-8
http://www.chicagotribune.com/suburbs/lake-county-news-sun/opinion/ct-lns-lake-county-flooding-anniversary-st-0711-story.html,157.0,67,text/html;charset=UTF-8
http://www.chicagotribune.com/suburbs/daily-southtown/news/ct-sta-science-center-open-st-0704-story.html,146.0,62,text/html;charset=UTF-8
http://www.chicagotribune.com/sports/basketball/bulls/ct-spt-bulls-summer-league-wendell-carter-robin-lopez-20180710-story,amp.html,46.0,37,text/html;charset=UTF-8
http://www.chicagotribune.com/sports/football/bears/ct-spt-bears-offensive-line-camp-preview-20180709-story,amp.html,45.0,43,text/html;charset=UTF-8
http://www.chicagotribune.com/suburbs/daily-southtown/community/chi-ugc-article-is-this-increasing-your-risk-of-developing-ki-2018-07-10-story.html,146.0,62,text/html;charset=UTF-8
http://www.chicagotribune.com/suburbs/aurora-beacon-news/news/ct-abn-aurora-teen-charged-handgun-possession-st-0711-story,amp.html,36.0,29,text/html;charset=UTF-8
http://www.chicagotribune.com/news/nationworld/politics/ct-trump-kavanaugh-20180710-story.html,163.0,76,text/html;charset=UTF-8
http://www.chicagotribune.com/suburbs/lake-county-news-sun/news/ct-lns-false-assault-claim-charge-st-0711-story.html,147.0,66,text/html;charset=UTF-8
http://www.chicagotribune.com/suburbs/daily-southtown/opinion/ct-sta-slowik-gop-arthur-jones-st-0708-story.html,171.0,76,text/html;charset=UTF-8
http://www.chicagotribune.com/suburbs/daily-southtown/news/ct-sta-fatal-crash-st-0711-story.html,135.0,67,text/html;charset=UTF-8
http://www.chicagotribune.com/suburbs/lake-county-news-sun/news/,349.0,202,text/html;charset=UTF-8
http://www.chicagotribune.com/suburbs/elmhurst/news/ct-dob-elmhurst-american-legion-tl-0712-story.html,143.0,60,text/html;charset=UTF-8
http://www.chicagotribune.com/suburbs/post-tribune/news/,261.0,141,text/html;charset=UTF-8
http://www.chicagotribune.com/suburbs/hinsdale/news/ct-dhd-d86-attendance-boundaries-tl-0712-story.html,147.0,63,text/html;charset=UTF-8
http://www.chicagotribune.com/suburbs/norridge/news/ct-nhh-old-warsaw-closing-tl-0712-story.html,152.0,59,text/html;charset=UTF-8
http://www.chicagotribune.com/business/ct-biz-itt-tech-fraud-charges-settlement-20180709-story.html,149.0,59,text/html;charset=UTF-8
http://www.chicagotribune.com/redeye/restaurants/ct-redeye-cereal-breakfast-food-dessert-20180621-story.html,173.0,68,text/html;charset=UTF-8
http://www.chicagotribune.com/redeye/restaurants/ct-redeye-beyond-veggie-brat-m-burger-20180706-story.html,140.0,53,text/html;charset=UTF-8
http://www.chicagotribune.com/entertainment/music/ct-trump-green-day-american-idiot-20180710-story.html,146.0,66,text/html;charset=UTF-8
http://www.chicagotribune.com/topic/sports/baseball/john-mozeliak--PEBSL000496-topic.html,173.0,89,text/html;charset=UTF-8
http://www.chicagotribune.com/topic/sports/basketball/nba-15008001-topic.html,224.0,130,text/html;charset=UTF-8
http://www.chicagotribune.com/suburbs/aurora-beacon-news/,291.0,163,text/html;charset=UTF-8
http://www.chicagotribune.com/suburbs/aurora-beacon-news/crime/,385.0,240,text/html;charset=UTF-8
http://www.chicagotribune.com/suburbs/aurora-beacon-news/news/ct-abn-aurora-teen-charged-handgun-possession-st-0711-story.html,134.0,63,text/html;charset=UTF-8
http://www.chicagotribune.com/business/ct-biz-trump-foxconn-groundbreaking-wisconsin-20180628-story.html,176.0,67,text/html;charset=UTF-8
http://www.chicagotribune.com/business/ct-biz-mcdonalds-headquarters-201800605-story.html,165.0,62,text/html;charset=UTF-8
http://www.chicagotribune.com/news/opinion/commentary/ct-perspec-flash-young-lords-jose-cha-cha-jimenez-0708-20180626-story.html,178.0,70,text/html;charset=UTF-8
http://www.chicagotribune.com/paid-posts/?prx_adpz=2851,2.0,17,text/html;charset=UTF-8
http://www.chicagotribune.com/hoy/entretenimiento/ct-hoy-entretenimiento-jos-jos-sale-del-hospital-20180131-story.html,175.0,64,text/html;charset=UTF-8
http://www.chicagotribune.com/suburbs/,320.0,182,text/html;charset=UTF-8
http://www.chicagotribune.com/lifestyles/ct-life-hpv-vaccine-rates-eradicate-cancer-20180702-story.html,204.0,71,text/html;charset=UTF-8
http://www.chicagotribune.com/sports/football/bears/,299.0,130,text/html;charset=UTF-8
http://www.chicagotribune.com/sports/soccer/ct-spt-world-cup-france-belgium-20180710-story.html,141.0,64,text/html;charset=UTF-8
http://www.chicagotribune.com/business/ct-biz-smucker-brands-company-20180709-story.html,140.0,58,text/html;charset=UTF-8
http://www.chicagotribune.com/dining/ct-food-just-opened-beatnik-on-the-river-20180710-story.html,188.0,66,text/html;charset=UTF-8
http://www.chicagotribune.com/sports/baseball/cubs/,349.0,165,text/html;charset=UTF-8
http://www.chicagotribune.com/entertainment/tv/,235.0,106,text/html;charset=UTF-8
http://www.chicagotribune.com/redeye/bars/ct-redeye-free-drink-slurpee-seven-eleven-chicago-20180709-story.html,138.0,53,text/html;charset=UTF-8
http://www.chicagotribune.com/business/ct-biz-janus-private-sector-ramifications-20180709-story.html,156.0,66,text/html;charset=UTF-8
http://www.chicagotribune.com/news/,328.0,175,text/html;charset=UTF-8
http://www.chicagotribune.com/news/nationworld/ct-trump-europe-nato-20180710-story.html,154.0,70,text/html;charset=UTF-8
http://www.chicagotribune.com/news/nationworld/politics/ct-trump-pardon-dwight-steven-hammond-20180710-story.html,151.0,67,text/html;charset=UTF-8
http://www.chicagotribune.com/sports/,398.0,183,text/html;charset=UTF-8
http://www.chicagotribune.com/sports/baseball/cubs/ct-spt-cubs-kyle-hendricks-haugh-20180710-story.html,160.0,80,text/html;charset=UTF-8
http://www.chicagotribune.com/dining/sns-dailymeal-1921095-travel-lufthansa-astronaut-food-20180706-story.html,178.0,76,text/html;charset=UTF-8
http://www.chicagotribune.com/news/weather/?regionalZipCode=60666,263.0,124,text/html;charset=UTF-8
http://www.chicagotribune.com/entertainment/theater/ct-ott-sara-bareilles-waitress-jones-0713-story.html,154.0,68,text/html;charset=UTF-8
http://www.chicagotribune.com/news/local/breaking/ct-met-cook-county-forest-preserves-investigation-20180710-story.html,166.0,75,text/html;charset=UTF-8
http://www.chicagotribune.com/business/ct-biz-granite-city-us-steel-trump-tariffs-20180708-story.html,187.0,62,text/html;charset=UTF-8
http://www.chicagotribune.com/business/ct-biz-americans-quitting-their-jobs-20180710-story.html,126.0,54,text/html;charset=UTF-8
http://www.chicagotribune.com/business/ct-biz-starbucks-plastic-straws-20180709-story.html,144.0,59,text/html;charset=UTF-8
http://www.chicagotribune.com/suburbs/naperville-sun/news/ct-nvs-grace-swimmer-st-0711-story.html,156.0,66,text/html;charset=UTF-8
http://www.chicagotribune.com/news/local/breaking/ct-met-quintonio-legrier-police-shooting-trial-20180628-story.html,182.0,69,text/html;charset=UTF-8
http://www.chicagotribune.com/topic/crime-law-justice/crime/shootings/020010001165-topic.html,203.0,124,text/html;charset=UTF-8
http://www.chicagotribune.com/entertainment/celebrity/,174.0,49,text/html;charset=UTF-8
http://www.chicagotribune.com/entertainment/tv/ct-ent-set-it-up-claire-scanlon-20180629-story.html,160.0,67,text/html;charset=UTF-8
http://www.chicagotribune.com/entertainment/tv/ct-ent-emmy-nominations-preview-0711-story.html,171.0,71,text/html;charset=UTF-8
http://www.chicagotribune.com/news/weather/,264.0,124,text/html;charset=UTF-8
http://www.chicagotribune.com/suburbs/aurora-beacon-news/news/ct-abn-aurora-borealis-st-0711-story.html,155.0,63,text/html;charset=UTF-8
http://www.chicagotribune.com/entertainment/theater/ct-ent-tootsie-musical-tickets-on-sale-20180702-story.html,148.0,65,text/html;charset=UTF-8
http://www.chicagotribune.com/topic/politics-government/government/luis-arroyo-PEPLT00008491-topic.html,170.0,84,text/html;charset=UTF-8
http://www.chicagotribune.com/suburbs/daily-southtown/sports/ct-sta-spt-baseball-thunderbolts-dan-hlad-st-0705-story.html,147.0,62,text/html;charset=UTF-8
http://www.chicagotribune.com/redeye/culture/ct-redeye-ask-anna-scared-to-fall-in-love-20180705-story,amp.html,35.0,21,text/html;charset=UTF-8
http://www.chicagotribune.com/suburbs/la-grange/news/ct-dlg-road-construction-tl-0719-story.html,143.0,62,text/html;charset=UTF-8
http://www.chicagotribune.com/paid-posts/?prx_t=4tUDAAAAAAtCAPA&prx_ro=s,2.0,17,text/html;charset=UTF-8
http://www.chicagotribune.com/suburbs/western-springs/news/ct-dlg-frankie-ace-magician-tl-0712-story.html,160.0,65,text/html;charset=UTF-8
